epoch,step,max_step,loss,loss_action,loss_video,lr,steps_per_sec,samples_per_sec
0,1,5000,2.8829,2.24,0.6365,7.98e-08,0.04,4.02
0,2,5000,2.7549,2.06,0.6863,1.2e-07,0.06,5.65
0,3,5000,2.9713,2.34,0.6249,1.6e-07,0.08,8.2
0,4,5000,2.5496,1.94,0.6086,1.99e-07,0.08,7.63
0,5,5000,2.853,2.13,0.7143,2.39e-07,0.1,9.33
0,6,5000,2.8865,2.25,0.633,2.79e-07,0.09,8.43
0,7,5000,2.907,2.24,0.6585,3.19e-07,0.1,9.68
0,8,5000,2.9136,2.25,0.6634,3.59e-07,0.09,8.89
0,9,5000,2.8509,2.14,0.7071,3.99e-07,0.1,9.88
0,10,5000,2.6162,1.9,0.6232,4.38e-07,0.09,9.06
0,11,5000,2.8849,2.2,0.6381,4.78e-07,0.1,9.87
0,12,5000,2.892,2.2,0.6168,5.18e-07,0.09,9.1
0,13,5000,2.8045,2.2,0.5806,5.58e-07,0.1,9.77
0,14,5000,2.8179,2.1,0.658,5.98e-07,0.09,9.26
0,15,5000,2.749,2.1,0.6246,6.38e-07,0.1,9.84
0,16,5000,2.7158,2.1,0.5993,6.77e-07,0.1,9.43
0,17,5000,2.6794,2.0,0.6008,7.17e-07,0.1,9.96
0,18,5000,2.7417,2.1,0.6259,7.57e-07,0.1,9.57
0,19,5000,2.7123,2.1,0.5802,7.97e-07,0.1,10.04
0,20,5000,2.6675,2.0,0.6389,8.37e-07,0.1,9.66
0,21,5000,2.8598,2.3,0.5471,8.77e-07,0.1,10.09
0,22,5000,2.7135,2.2,0.486,9.16e-07,0.1,9.79
0,23,5000,2.5732,2.0,0.5188,9.56e-07,0.1,10.18
0,24,5000,2.7439,2.1,0.5695,9.96e-07,0.1,9.94
0,25,5000,2.7368,2.1,0.5828,1.04e-06,0.11,10.31
0,26,5000,2.5146,1.9,0.5594,1.08e-06,0.1,10.12
0,27,5000,2.5119,2.0,0.4539,1.12e-06,0.11,10.46
0,28,5000,2.3601,1.8,0.4641,1.16e-06,0.1,10.27
0,29,5000,2.6845,2.1,0.5038,1.2e-06,0.11,10.59
0,30,5000,2.245,1.8,0.4382,1.24e-06,0.11,10.38
0,31,5000,2.4649,2.0,0.4099,1.28e-06,0.11,10.68
0,32,5000,2.4527,1.9,0.4915,1.31e-06,0.11,10.51
0,33,5000,2.3078,1.8,0.4254,1.35e-06,0.11,10.8
0,34,5000,2.6797,2.2,0.478,1.39e-06,0.11,10.61
0,35,5000,2.5078,2.0,0.4577,1.43e-06,0.11,10.88
0,36,5000,2.5592,2.1,0.4362,1.47e-06,0.11,10.7
0,37,5000,2.4248,1.9,0.4411,1.51e-06,0.11,10.96
0,38,5000,2.3445,1.9,0.4238,1.55e-06,0.11,10.8
0,39,5000,2.2547,1.7,0.4958,1.59e-06,0.11,11.05
0,40,5000,2.5152,2.0,0.4552,1.63e-06,0.11,10.88
0,41,5000,2.2467,1.7,0.4749,1.67e-06,0.11,11.12
0,42,5000,2.4206,2.0,0.3851,1.71e-06,0.11,10.97
0,43,5000,2.3449,1.8,0.4633,1.75e-06,0.11,11.2
0,44,5000,2.4334,1.9,0.4514,1.79e-06,0.11,11.04
0,45,5000,2.159,1.7,0.4304,1.83e-06,0.11,11.26
0,46,5000,2.2309,1.7,0.4777,1.87e-06,0.11,11.12
0,47,5000,2.1104,1.6,0.4401,1.91e-06,0.12,11.31
0,48,5000,2.2052,1.8,0.4051,1.95e-06,0.11,11.18
0,49,5000,2.1556,1.7,0.392,1.99e-06,0.12,11.36
0,50,5000,2.2537,1.8,0.4239,2.03e-06,0.11,11.21
0,51,5000,2.195,1.7,0.4227,2.07e-06,0.12,11.39
0,52,5000,2.1252,1.6,0.4699,2.11e-06,0.11,11.27
0,53,5000,2.3087,1.8,0.4744,2.15e-06,0.12,11.43
0,54,5000,2.1017,1.6,0.4113,2.19e-06,0.12,11.29
0,55,5000,2.0783,1.6,0.383,2.23e-06,0.12,11.47
0,56,5000,1.9764,1.5,0.3969,2.27e-06,0.12,11.34
0,57,5000,2.0853,1.6,0.4354,2.31e-06,0.12,11.52
0,58,5000,2.115,1.6,0.4393,2.35e-06,0.12,11.36
0,59,5000,2.0361,1.5,0.4535,2.39e-06,0.12,11.53
0,60,5000,1.9552,1.6,0.3429,2.43e-06,0.12,11.4
0,61,5000,1.779,1.3,0.3978,2.47e-06,0.12,11.57
0,62,5000,1.7459,1.3,0.3647,2.51e-06,0.12,11.45
0,63,5000,1.9156,1.4,0.4497,2.55e-06,0.12,11.61
0,64,5000,1.878,1.4,0.3988,2.59e-06,0.12,11.49
0,65,5000,1.7614,1.3,0.4053,2.63e-06,0.12,11.64
0,66,5000,1.8238,1.4,0.404,2.67e-06,0.12,11.53
0,67,5000,1.834,1.4,0.4171,2.71e-06,0.12,11.68
0,68,5000,1.6686,1.2,0.3926,2.75e-06,0.12,11.56
0,69,5000,1.9049,1.4,0.4094,2.79e-06,0.12,11.71
0,70,5000,1.7131,1.2,0.4202,2.83e-06,0.12,11.58
0,71,5000,1.694,1.3,0.3913,2.87e-06,0.12,11.72
0,72,5000,1.5701,1.1,0.3752,2.91e-06,0.12,11.61
0,73,5000,1.5057,1.1,0.325,2.95e-06,0.12,11.75
0,74,5000,1.6093,1.1,0.4134,2.99e-06,0.12,11.64
0,75,5000,1.6055,1.2,0.3877,3.03e-06,0.12,11.78
0,76,5000,1.5873,1.1,0.4061,3.07e-06,0.12,11.66
0,77,5000,1.7579,1.3,0.4329,3.11e-06,0.12,11.79
0,78,5000,1.5487,1.0,0.4529,3.15e-06,0.12,11.69
0,79,5000,1.4256,1.0,0.376,3.19e-06,0.12,11.82
0,80,5000,1.5428,1.1,0.4005,3.23e-06,0.12,11.72
0,81,5000,1.3972,1.0,0.366,3.27e-06,0.12,11.84
0,82,5000,1.4866,1.0,0.4017,3.31e-06,0.12,11.75
0,83,5000,1.3775,0.9,0.3879,3.35e-06,0.12,11.87
0,84,5000,1.347,1.0,0.3425,3.39e-06,0.12,11.78
0,85,5000,1.3234,0.9,0.3895,3.43e-06,0.12,11.89
0,86,5000,1.3914,1.0,0.3904,3.47e-06,0.12,11.8
0,87,5000,1.3013,0.9,0.351,3.51e-06,0.12,11.92
0,88,5000,1.2782,0.9,0.3698,3.55e-06,0.12,11.82
0,89,5000,1.3582,0.9,0.4191,3.59e-06,0.12,11.92
0,90,5000,1.2684,0.9,0.3551,3.63e-06,0.12,11.84
0,91,5000,1.236,0.8,0.4174,3.67e-06,0.12,11.95
0,92,5000,1.2386,0.8,0.3723,3.71e-06,0.12,11.86
0,93,5000,1.2865,0.8,0.4319,3.75e-06,0.12,11.97
0,94,5000,1.3028,0.9,0.3851,3.78e-06,0.12,11.89
0,95,5000,1.1407,0.7,0.3692,3.82e-06,0.12,11.99
0,96,5000,1.2789,0.8,0.4507,3.86e-06,0.12,11.92
0,97,5000,1.3077,0.9,0.3769,3.9e-06,0.12,12.01
0,98,5000,1.1816,0.8,0.3712,3.94e-06,0.12,11.94
0,99,5000,1.1367,0.7,0.3738,3.98e-06,0.12,12.03
0,100,5000,1.1574,0.7861,0.3713,4.02e-06,0.12,11.95
0,101,5000,1.0636,0.7187,0.3449,4.06e-06,0.12,12.05
0,102,5000,1.1542,0.7847,0.3694,4.1e-06,0.12,11.98
0,103,5000,1.0906,0.7106,0.38,4.14e-06,0.12,12.07
0,104,5000,1.08,0.7058,0.3742,4.18e-06,0.12,12.0
0,105,5000,1.1495,0.7584,0.3912,4.22e-06,0.12,12.08
0,106,5000,1.1355,0.7413,0.3942,4.26e-06,0.12,12.02
0,107,5000,1.0064,0.6541,0.3522,4.3e-06,0.12,12.11
0,108,5000,1.0839,0.672,0.4119,4.34e-06,0.12,12.04
0,109,5000,1.0432,0.6405,0.4027,4.38e-06,0.12,12.12
0,110,5000,0.9693,0.6857,0.2837,4.42e-06,0.12,12.06
0,111,5000,1.0106,0.6318,0.3788,4.46e-06,0.12,12.14
0,112,5000,1.029,0.663,0.3659,4.5e-06,0.12,12.07
0,113,5000,1.0322,0.6524,0.3797,4.54e-06,0.12,12.15
0,114,5000,1.0556,0.6497,0.4058,4.58e-06,0.12,12.08
0,115,5000,0.9489,0.585,0.3639,4.62e-06,0.12,12.17
0,116,5000,1.0302,0.6521,0.378,4.66e-06,0.12,12.1
0,117,5000,0.9255,0.6093,0.3162,4.7e-06,0.12,12.18
0,118,5000,0.9678,0.6115,0.3563,4.74e-06,0.12,12.11
0,119,5000,1.0043,0.625,0.3792,4.78e-06,0.12,12.19
0,120,5000,0.9628,0.5776,0.3852,4.82e-06,0.12,12.12
0,121,5000,0.9263,0.5568,0.3696,4.86e-06,0.12,12.19
0,122,5000,0.948,0.5791,0.3689,4.9e-06,0.12,12.14
0,123,5000,0.9492,0.5758,0.3735,4.94e-06,0.12,12.21
0,124,5000,0.9344,0.5803,0.3541,4.98e-06,0.12,12.15
0,125,5000,0.9749,0.5826,0.3923,5.02e-06,0.12,12.22
0,126,5000,0.9498,0.5716,0.3782,5.06e-06,0.12,12.16
0,127,5000,0.8825,0.5365,0.346,5.1e-06,0.12,12.23
0,128,5000,0.899,0.5359,0.3632,5.14e-06,0.12,12.17
0,129,5000,0.8717,0.5256,0.3461,5.18e-06,0.12,12.23
0,130,5000,0.9196,0.5611,0.3584,5.22e-06,0.12,12.19
0,131,5000,0.9578,0.5596,0.3981,5.26e-06,0.12,12.25
0,132,5000,0.9262,0.5306,0.3956,5.3e-06,0.12,12.2
0,133,5000,0.8739,0.5475,0.3264,5.34e-06,0.13,12.26
0,134,5000,0.9109,0.5242,0.3867,5.38e-06,0.12,12.21
0,135,5000,0.868,0.5171,0.3509,5.42e-06,0.13,12.28
0,136,5000,0.79,0.485,0.305,5.46e-06,0.12,12.21
0,137,5000,0.8695,0.5127,0.3568,5.5e-06,0.13,12.29
0,138,5000,0.8622,0.5093,0.3529,5.54e-06,0.12,12.21
0,139,5000,0.8342,0.5082,0.326,5.58e-06,0.13,12.29
